category,title,url
国内,月曜以降は「蒸し蒸し猛暑」到来か　梅雨明け前に暑さに注意,https://news.yahoo.co.jp/pickup/6287442
地域,青森女性殺人　犯人どこに、動機は…　未解決のまま、過ぎていく時間　住民、不安な日々,https://news.yahoo.co.jp/pickup/6287446
国際,サウジアラビアで女性の運転解禁,https://news.yahoo.co.jp/pickup/6287444
地域,毒入り油で手料理　母悔恨「知らなかった」「ごめんね許して」　家族全員発症　カネミ油症５０年の証言,https://news.yahoo.co.jp/pickup/6287437
地域,また菊池桃子さんにストーカー　元タクシー運転手を逮捕,https://news.yahoo.co.jp/pickup/6287440
スポーツ,日本代表、セネガルに勝利でGL突破決定も…決勝T進出条件は？,https://news.yahoo.co.jp/pickup/6287441
地域,＜傷害致死＞外国人男性死亡　逃走の男、成田で発見　栃木,https://news.yahoo.co.jp/pickup/6287443
エンタメ,松本人志、「水曜日のダウンタウン」芸人連れ去り企画問題を謝罪,https://news.yahoo.co.jp/pickup/6287438
地域,飲酒運転で辞職表明　「撲滅率先」のはずが「何回かやった」,https://news.yahoo.co.jp/pickup/6287396
地域,大阪モノレールが全線で再び運転見合わせ,https://news.yahoo.co.jp/pickup/6287412
地域,バスケ部の女性主将、線路転落の男性救出　背負って走る,https://news.yahoo.co.jp/pickup/6287419
地域,札幌のヒグマ、人の生活圏に接近　中学校そばでふん　登下校時間に巡回,https://news.yahoo.co.jp/pickup/6287416
スポーツ,ベルギー5点圧勝で決勝T決定的…ルカクが2ゴールでCロナに並び得点首位,https://news.yahoo.co.jp/pickup/6287393
スポーツ,桐生順位、タイムとも選考基準届かず「準備不足」,https://news.yahoo.co.jp/pickup/6287434
スポーツ,人種差別的な電話相次ぐ　バスケ審判殴った留学生帰国へ,https://news.yahoo.co.jp/pickup/6287386
スポーツ,【ロッテ】大嶺翔、借金苦で突然引退…２年前から複数トラブル改善せず、本人が申し出,https://news.yahoo.co.jp/pickup/6287409
スポーツ,韓国、W杯2大会連続勝利なしの危機。首の皮一枚つながるも次節は本気のドイツ【ロシアW杯】,https://news.yahoo.co.jp/pickup/6287413
スポーツ,FIFAがスイス代表の「双頭のワシ」ポーズを調査開始、2試合出場停止も,https://news.yahoo.co.jp/pickup/6287430
経済,「大迫半端ないって」は商標登録済み　Ｔシャツ作った男性、類似品に思い複雑,https://news.yahoo.co.jp/pickup/6287407
経済,自衛隊→民間機、パイロット再就職容易に　不足補う狙い,https://news.yahoo.co.jp/pickup/6287402
経済,子ども目線でかっこよさ追求　大人の心も奪った「竜騎士ランドセル」誕生の背景,https://news.yahoo.co.jp/pickup/6287431
経済,クルマのカラートレンドどう決まる　今年の傾向は世界共通、日本では「グレーがくる」,https://news.yahoo.co.jp/pickup/6287423
スポーツ,前回王者ドイツ、見せたゲルマン魂！崖っぷちの一戦でスウェーデンに逆転勝ち,https://news.yahoo.co.jp/pickup/6287404
国際,マカオ、ドッグレース廃止へ　犬の行方に懸念の声,https://news.yahoo.co.jp/pickup/6287427
経済,残業代出ない「課長昇進はイヤ」は大間違い！　働き方改革で激変する給与の裏側,https://news.yahoo.co.jp/pickup/6287420
国際,ドイツ車に打撃＝関税応酬で業績影響,https://news.yahoo.co.jp/pickup/6287398
国際,首相集会に手投げ弾、1人死亡＝暗殺狙う？　―エチオピア,https://news.yahoo.co.jp/pickup/6287405
エンタメ,麻央さんに麻耶“お願い”、海老蔵と交際などの「報道出ないよう見守って」偲ぶ会でスピーチ,https://news.yahoo.co.jp/pickup/6287415
エンタメ,お笑い界の“成功モデル”に？坊主頭の人気芸人が増えたナゾ,https://news.yahoo.co.jp/pickup/6287425
国際,ジンバブエの与党集会で爆発 15人負傷 大統領暗殺未遂か,https://news.yahoo.co.jp/pickup/6287426
エンタメ,Ｈｅｙ！Ｓａｙ！ＪＵＭＰ岡本圭人が活動休止　米演劇学校へ２年間留学　脱退否定も９月から８人体制,https://news.yahoo.co.jp/pickup/6287403
エンタメ,スターダスト・レビュー根本要、退院を報告　脳血栓から回復「日常生活に制約もなく」,https://news.yahoo.co.jp/pickup/6287362
エンタメ,劇場版コナンが国民的映画に成長したワケ,https://news.yahoo.co.jp/pickup/6287364
エンタメ,「クボケー」こと久保恵子　現在は薬剤師として薬局に勤務,https://news.yahoo.co.jp/pickup/6287363
エンタメ,フリー転身説浮上 NHK桑子真帆アナに有働アナが“急接近”,https://news.yahoo.co.jp/pickup/6287433
国際,朝鮮戦争勃発６８年　対北不安消えた韓国　「終戦」に期待、開戦責任不問に,https://news.yahoo.co.jp/pickup/6287424
国内,小笠原に巡視船配備　海保計画　返還５０年、体制強化　中国サンゴ密漁に備え,https://news.yahoo.co.jp/pickup/6287417
国際,トランプ大統領、対北朝鮮制裁を1年延長 「異常で並外れた脅威」,https://news.yahoo.co.jp/pickup/6287366
国内,大阪北部地震　登下校時に地震発生、児童どう守る　保護者への連絡など課題,https://news.yahoo.co.jp/pickup/6287401
国内,特別支援学級在籍率、外国人の子が日本人の倍　民間調査,https://news.yahoo.co.jp/pickup/6287418
国内,カワウソ、日本への密輸急増　ブームが違法取引を誘発か,https://news.yahoo.co.jp/pickup/6287447
国際,米韓演習さらに２つ中止　非核化交渉へ信頼醸成、即応態勢低下の懸念も,https://news.yahoo.co.jp/pickup/6287352
国内,＜強制不妊手術＞ＧＨＱ「医学的根拠不明」　日本側押し切る,https://news.yahoo.co.jp/pickup/6287414
国内,大型商業施設は郊外「買い物難民」都市部も急増,https://news.yahoo.co.jp/pickup/6287448
国内,北の非核化、日本が人的貢献…技術者派遣を検討,https://news.yahoo.co.jp/pickup/6287422
経済,【独自】はれのひ元社長、３５００万円詐取容疑認める,https://news.yahoo.co.jp/pickup/6287394
経済,【はれのひ元社長逮捕】てるみくらぶ先例が突破口,https://news.yahoo.co.jp/pickup/6287408
IT・科学,＜ロシアＷ杯＞現地観戦なら「ダニ脳炎と麻疹」に注意,https://news.yahoo.co.jp/pickup/6287338
経済,＜勝浦＞沿岸漁業者悲鳴　水揚げ減「生活できない」　7月から大型クロマグロ規制,https://news.yahoo.co.jp/pickup/6287429
IT・科学,小惑星衝突に備えよ！　＝核爆弾使用も選択肢―米計画,https://news.yahoo.co.jp/pickup/6287349
IT・科学,夏の車中、エアコン停止から15分後には…熱中症「危険」レベルに,https://news.yahoo.co.jp/pickup/6287330
IT・科学,＜堺・偽装殺人＞他殺見抜く「新法解剖」活用　睡眠薬を検出,https://news.yahoo.co.jp/pickup/6287351
IT・科学,「子どもは？」と聞かれ、言葉を濁したが…染色体異常の娘の存在を隠す自分を脱し、写真展に参加,https://news.yahoo.co.jp/pickup/6287421
IT・科学,衝突時に動画視聴か＝ウーバー自動運転車事故,https://news.yahoo.co.jp/pickup/6287331
IT・科学,産後のママの気持ち救う　プロが撮る新生児フォト、静かな人気,https://news.yahoo.co.jp/pickup/6287368
IT・科学,＜はやぶさ２＞予定通りリュウグウ到着へ　軌道制御に成功,https://news.yahoo.co.jp/pickup/6287449
IT・科学,＜鹿児島・甑島＞７０００万年前の草食恐竜化石　絶滅直前期,https://news.yahoo.co.jp/pickup/6287388
IT・科学,「犯罪発生予測」に挑む＝ビッグデータをAI分析―巡回に活用、治安向上へ,https://news.yahoo.co.jp/pickup/6287353
IT・科学,サッカー日本代表のツイッター事情がブラジル大会から4年で激変していた,https://news.yahoo.co.jp/pickup/6287397
IT・科学,気を付けろ！QRコードに脆弱性？　その深刻さと騙されないための対策,https://news.yahoo.co.jp/pickup/6287406
IT・科学,地震発生後SNSにデマ…発信した人も『拡散した人』も偽計業務妨害罪に問われる可能性,https://news.yahoo.co.jp/pickup/6287436
IT・科学,トイレはここまで進化していた! 発電するスライド鍵で混雑解消へ…『トイレ最前線』,https://news.yahoo.co.jp/pickup/6287360
IT・科学,プログラミング教育、進まぬ準備…小学校必修化,https://news.yahoo.co.jp/pickup/6287435
IT・科学,「京阪が脱線した」とデマ、否定する発信できず,https://news.yahoo.co.jp/pickup/6287383
