category,headline,url
主要,蒸し暑さ到来か 月曜から注意,https://news.yahoo.co.jp/pickup/6287442
主要,男性死亡 成田で逃走の男発見,https://news.yahoo.co.jp/pickup/6287443
主要,カネミ油症「許して」母悔恨,https://news.yahoo.co.jp/pickup/6287437
主要,菊池桃子氏にまたストーカー,https://news.yahoo.co.jp/pickup/6287440
主要,デマ 拡散した人も罪の可能性,https://news.yahoo.co.jp/pickup/6287436
主要,セネガル戦 勝てばGL突破も,https://news.yahoo.co.jp/pickup/6287441
主要,10秒16 桐生の代表入り絶望的,https://news.yahoo.co.jp/pickup/6287434
主要,松本人志 連れ去り企画を謝罪,https://news.yahoo.co.jp/pickup/6287438
国内,北非核化 人的貢献を政府検討,https://news.yahoo.co.jp/pickup/6287422
国内,強制不妊 問題視していたGHQ,https://news.yahoo.co.jp/pickup/6287414
国内,蒸し暑さ到来か 月曜から注意,https://news.yahoo.co.jp/pickup/6287442
国内,登下校中に地震 児童どう守る,https://news.yahoo.co.jp/pickup/6287401
国内,特別支援学級 外国人の子多く,https://news.yahoo.co.jp/pickup/6287418
国内,小笠原に巡視船配備 密漁備え,https://news.yahoo.co.jp/pickup/6287417
国内,高齢の買い物難民 都市も急増,https://news.yahoo.co.jp/pickup/6287448
国内,カワウソ密輸急増 ブーム背景,https://news.yahoo.co.jp/pickup/6287447
地域,青森殺害 未解決に動揺続く,https://news.yahoo.co.jp/pickup/6287446
地域,男性死亡 成田で逃走の男発見,https://news.yahoo.co.jp/pickup/6287443
地域,カネミ油症「許して」母悔恨,https://news.yahoo.co.jp/pickup/6287437
地域,大阪モノレール 終日運転中止,https://news.yahoo.co.jp/pickup/6287412
地域,何回か飲酒運転 県議を辞職,https://news.yahoo.co.jp/pickup/6287396
地域,菊池桃子氏にまたストーカー,https://news.yahoo.co.jp/pickup/6287440
地域,札幌のヒグマ 人の生活圏接近,https://news.yahoo.co.jp/pickup/6287416
地域,線路転落 女性が背負って救出,https://news.yahoo.co.jp/pickup/6287419
エンタメ,松本人志 連れ去り企画を謝罪,https://news.yahoo.co.jp/pickup/6287438
経済,はれのひ てるみ先例が突破口,https://news.yahoo.co.jp/pickup/6287408
IT・科学,準備遅れ プログラミング教育,https://news.yahoo.co.jp/pickup/6287435
IT・科学,デマ 拡散した人も罪の可能性,https://news.yahoo.co.jp/pickup/6287436
国際,男性要らない サウジ運転解禁,https://news.yahoo.co.jp/pickup/6287444
エンタメ,桑子アナ独立?有働アナに相談,https://news.yahoo.co.jp/pickup/6287433
エンタメ,丸刈りの芸人増 メリットは,https://news.yahoo.co.jp/pickup/6287425
エンタメ,麻耶 報道出ないよう見守って,https://news.yahoo.co.jp/pickup/6287415
エンタメ,HeySay岡本留学 自分変える,https://news.yahoo.co.jp/pickup/6287403
エンタメ,コナン映画 国民的ヒットの訳,https://news.yahoo.co.jp/pickup/6287364
エンタメ,元祖お天気お姉さん 当時語る,https://news.yahoo.co.jp/pickup/6287363
エンタメ,脳血栓 スタレビ根本が退院,https://news.yahoo.co.jp/pickup/6287362
経済,はれのひ元社長 詐取認める,https://news.yahoo.co.jp/pickup/6287394
経済,マグロ規制 漁師生活できない,https://news.yahoo.co.jp/pickup/6287429
経済,民間操縦士 自衛隊から容易に,https://news.yahoo.co.jp/pickup/6287402
経済,昇進で給料減る 過去の話に?,https://news.yahoo.co.jp/pickup/6287420
経済,竜騎士ランドセル 誕生の背景,https://news.yahoo.co.jp/pickup/6287431
経済,日本はグレー?車の色トレンド,https://news.yahoo.co.jp/pickup/6287423
経済,大迫半端ない 商標登録あった,https://news.yahoo.co.jp/pickup/6287407
IT・科学,QRコードに脆弱性? 深刻さは,https://news.yahoo.co.jp/pickup/6287406
IT・科学,代表のTwitter事情 4年で激変,https://news.yahoo.co.jp/pickup/6287397
IT・科学,近畿の鉄道 災害時の発信課題,https://news.yahoo.co.jp/pickup/6287383
IT・科学,トイレ混雑解消へ 進化する鍵,https://news.yahoo.co.jp/pickup/6287360
IT・科学,AIで犯罪発生予測 開発に期待,https://news.yahoo.co.jp/pickup/6287353
IT・科学,自動運転死亡事故 動画視聴か,https://news.yahoo.co.jp/pickup/6287331
IT・科学,障害の娘 隠していた自分憎み,https://news.yahoo.co.jp/pickup/6287421
IT・科学,7000万年前の恐竜化石 鹿児島,https://news.yahoo.co.jp/pickup/6287388
IT・科学,弟殺害 他殺見抜く新法解剖,https://news.yahoo.co.jp/pickup/6287351
IT・科学,米 小惑星衝突対策に核使用も,https://news.yahoo.co.jp/pickup/6287349
IT・科学,産後のママ救う 新生児フォト,https://news.yahoo.co.jp/pickup/6287368
IT・科学,W杯現地 ダニ脳炎と麻疹注意,https://news.yahoo.co.jp/pickup/6287338
IT・科学,夏のドライブ 熱中症に注意,https://news.yahoo.co.jp/pickup/6287330
IT・科学,水滴「ぽちゃん」音の謎解明,https://news.yahoo.co.jp/pickup/6287328
国際,朝鮮戦争68年 不安消えた韓国,https://news.yahoo.co.jp/pickup/6287424
国際,並外れた脅威 米が北制裁延長,https://news.yahoo.co.jp/pickup/6287366
国際,米韓演習さらに2つの中止発表,https://news.yahoo.co.jp/pickup/6287352
国際,大統領狙い?ジンバブエで爆発,https://news.yahoo.co.jp/pickup/6287426
国際,エチオピア 首相集会で爆発,https://news.yahoo.co.jp/pickup/6287405
国際,米の貿易政策 ドイツ車に打撃,https://news.yahoo.co.jp/pickup/6287398
国際,ドッグレース廃止へ マカオ,https://news.yahoo.co.jp/pickup/6287427
スポーツ,セネガル戦 勝てばGL突破も,https://news.yahoo.co.jp/pickup/6287441
スポーツ,FIFA懲罰委 鷲ポーズ調査開始,https://news.yahoo.co.jp/pickup/6287430
スポーツ,ドイツ 崖っぷちから逆転勝ち,https://news.yahoo.co.jp/pickup/6287404
スポーツ,韓国 W杯2大会未勝利の危機,https://news.yahoo.co.jp/pickup/6287413
スポーツ,ベルギー 圧勝で決勝T決定的,https://news.yahoo.co.jp/pickup/6287393
スポーツ,10秒16 桐生の代表入り絶望的,https://news.yahoo.co.jp/pickup/6287434
スポーツ,大嶺翔太引退 2年前から問題,https://news.yahoo.co.jp/pickup/6287409
スポーツ,審判殴打 学校に差別的な電話,https://news.yahoo.co.jp/pickup/6287386
